central_size,flanker_size,response,reaction_time
1,3.0,smaller,2.394980699988082
1,1.4000000000000004,smaller,0.736321800010046
1,-0.6,smaller,0.5522805000073276
1,-0.6,smaller,0.26242240000283346
1,-1.0,smaller,0.21831080000265501
1,0.6000000000000001,smaller,0.26793109998106956
1,-0.19999999999999996,smaller,0.21677910001017153
1,2.6,smaller,0.2620413000113331
1,0.20000000000000018,smaller,0.041903700010152534
1,2.6,smaller,1.0316262999840546
